data/imgsif3108.JPG,,,,,
data/imgsif2809.JPG,814,701,863,747,neo
data/imgsif2809.JPG,766,745,825,778,neo
data/imgsif2808.JPG,537,476,564,507,neo
data/imgsif2808.JPG,440,407,637,475,occhiaia
data/imgsif3109.JPG,576,500,602,532,neo
data/imgsif3109.JPG,544,441,581,478,neo
data/imgsif3109.JPG,602,744,650,784,neo
data/imgsif2705.JPG,,,,,
data/imgsif3209.JPG,476,407,630,469,occhiaia
data/imgsif3209.JPG,301,438,381,490,occhiaia
data/imgsif3209.JPG,542,644,555,651,neo
data/imgsif3209.JPG,594,653,619,667,neo
data/imgsif3209.JPG,388,276,421,307,neo
data/imgsif3209.JPG,690,465,717,497,neo
data/imgsif3209.JPG,533,583,558,609,neo
data/imgsif3209.JPG,518,658,539,679,neo
data/imgsif3209.JPG,444,639,469,665,neo
data/imgsif3209.JPG,431,226,451,243,neo
data/imgsif3208.JPG,547,444,719,510,occhiaia
data/imgsif3208.JPG,792,456,892,516,occhiaia
data/imgsif3208.JPG,776,747,797,766,neo
data/imgsif3208.JPG,588,696,616,738,neo
data/imgsif3208.JPG,471,469,524,491,neo
data/imgsif3208.JPG,754,278,788,302,neo
data/imgsif3208.JPG,738,343,785,408,neo
data/imgsif3208.JPG,829,685,850,709,neo
data/imgsif3208.JPG,534,722,554,749,neo
data/imgsif2710.JPG,459,395,678,470,occhiaia
data/imgsif2710.JPG,375,668,427,699,neo
data/imgsif2704.JPG,,,,,
data/imgsif2706.JPG,282,425,409,492,occhiaia
data/imgsif2706.JPG,299,709,333,741,neo
data/imgsif2909.JPG,541,507,647,601,ruga
data/imgsif2909.JPG,528,417,714,461,occhiaia
data/imgsif2909.JPG,392,449,472,481,occhiaia
data/imgsif3008.JPG,540,613,565,643,neo
data/imgsif3008.JPG,647,728,685,763,neo
data/imgsif3008.JPG,578,526,604,560,neo
data/imgsif3009.JPG,673,690,701,707,neo
data/imgsif3009.JPG,526,441,699,504,occhiaia
data/imgsif3009.JPG,511,462,532,486,neo
data/imgsif2908.JPG,871,407,996,451,occhiaia
data/imgsif2908.JPG,642,412,814,472,occhiaia
data/imgsif2707.JPG,565,661,597,691,neo
data/imgsif2707.JPG,489,443,685,516,occhiaia
data/imgsif2703.JPG,,,,,
data/imgsif2702.JPG,361,455,536,528,occhiaia
data/imgsif2702.JPG,612,452,806,530,occhiaia
data/imgsif2702.JPG,414,673,465,737,neo
data/imgsif2903.JPG,,,,,
data/imgsif3002.JPG,,,,,
data/imgsif3003.JPG,,,,,
data/imgsif3201.JPG,663,423,812,489,occhiaia
data/imgsif3201.JPG,749,662,774,693,neo
data/imgsif3201.JPG,385,432,407,453,neo
data/imgsif3201.JPG,585,224,621,252,neo
data/imgsif3201.JPG,572,288,597,363,neo
data/imgsif3201.JPG,607,740,644,769,neo
data/imgsif3201.JPG,465,499,513,555,neo
data/imgsif3201.JPG,365,474,388,495,neo
data/imgsif3201.JPG,794,669,823,695,neo
data/imgsif2902.JPG,656,446,822,515,occhiaia
data/imgsif2902.JPG,432,476,610,540,occhiaia
data/imgsif2902.JPG,833,636,857,657,neo
data/imgsif3203.JPG,,,,,
data/imgsif3001.JPG,553,517,580,548,neo
data/imgsif3202.JPG,298,456,476,527,occhiaia
data/imgsif3202.JPG,550,432,720,499,occhiaia
data/imgsif3202.JPG,478,258,512,289,neo
data/imgsif3202.JPG,457,326,493,368,neo
data/imgsif3202.JPG,709,679,736,704,neo
data/imgsif2901.JPG,644,471,825,528,occhiaia
data/imgsif2905.JPG,465,684,498,717,neo
data/imgsif2905.JPG,452,624,480,643,neo
data/imgsif2905.JPG,350,430,465,490,occhiaia
data/imgsif3206.JPG,,,,,
data/imgsif3004.JPG,768,569,790,593,neo
data/imgsif3004.JPG,855,675,877,699,neo
data/imgsif3004.JPG,834,492,861,525,neo
data/imgsif3010.JPG,494,453,679,504,occhiaia
data/imgsif3010.JPG,651,687,673,713,neo
data/imgsif3010.JPG,485,469,503,490,neo
data/imgsif3005.JPG,408,672,442,707,neo
data/imgsif3005.JPG,312,468,394,510,occhiaia
data/imgsif3207.JPG,791,262,835,296,neo
data/imgsif3207.JPG,585,444,742,506,occhiaia
data/imgsif3207.JPG,841,456,928,510,occhiaia
data/imgsif3207.JPG,513,461,545,494,neo
data/imgsif3207.JPG,545,432,575,453,neo
data/imgsif3207.JPG,771,332,812,398,neo
data/imgsif3207.JPG,581,302,636,336,neo
data/imgsif3207.JPG,549,643,585,691,neo
data/imgsif3207.JPG,812,740,848,770,neo
data/imgsif3207.JPG,732,605,758,636,neo
data/imgsif2904.JPG,,,,,
data/imgsif2910.JPG,526,410,687,451,occhiaia
data/imgsif2910.JPG,385,449,475,485,occhiaia
data/imgsif2910.JPG,527,797,556,818,neo
data/imgsif2910.JPG,539,513,659,614,ruga
data/imgsif3401.JPG,442,444,591,515,occhiaia
data/imgsif3401.JPG,697,430,840,498,occhiaia
data/imgsif2709.JPG,472,401,707,476,occhiaia
data/imgsif2709.JPG,519,688,563,728,neo
data/imgsif2906.JPG,449,673,476,709,neo
data/imgsif3205.JPG,,,,,
data/imgsif3007.JPG,519,595,549,628,neo
data/imgsif3007.JPG,637,714,670,739,neo
data/imgsif3007.JPG,563,504,586,538,neo
data/imgsif3006.JPG,,,,,
data/imgsif3204.JPG,,,,,
data/imgsif3210.JPG,554,667,585,694,neo
data/imgsif3210.JPG,386,319,429,352,neo
data/imgsif3210.JPG,483,440,639,497,occhiaia
data/imgsif3210.JPG,306,456,400,509,occhiaia
data/imgsif3210.JPG,693,481,719,510,neo
data/imgsif3210.JPG,554,616,572,635,neo
data/imgsif3210.JPG,612,675,633,701,neo
data/imgsif3210.JPG,553,735,576,761,neo
data/imgsif3210.JPG,462,685,482,706,neo
data/imgsif3210.JPG,419,261,444,281,neo
data/imgsif3210.JPG,470,310,495,329,neo
data/imgsif3210.JPG,386,376,404,392,neo
data/imgsif3210.JPG,333,547,351,566,neo
data/imgsif2907.JPG,608,409,767,466,occhiaia
data/imgsif2907.JPG,828,403,958,469,occhiaia
data/imgsif2907.JPG,780,698,813,722,neo
data/imgsif2708.JPG,482,378,661,446,occhiaia
data/imgsif2708.JPG,742,392,863,456,occhiaia
data/imgsif2708.JPG,545,590,581,611,neo
data/imgsif3402.JPG,,,,,
data/imgsif3101.JPG,,,,,
data/imgsif3303.JPG,,,,,
data/imgsif2801.JPG,474,518,518,552,neo
data/imgsif2801.JPG,659,431,846,515,occhiaia
data/imgsif2801.JPG,399,442,596,512,occhiaia
data/imgsif3302.JPG,465,455,606,531,occhiaia
data/imgsif3302.JPG,676,441,821,519,occhiaia
data/imgsif3302.JPG,729,695,753,719,neo
data/imgsif3302.JPG,497,636,518,659,neo
data/imgsif3302.JPG,673,287,695,309,neo
data/imgsif3102.JPG,657,416,812,484,occhiaia
data/imgsif2803.JPG,,,,,
data/imgsif2802.JPG,384,454,559,532,occhiaia
data/imgsif2802.JPG,637,445,809,528,occhiaia
data/imgsif2802.JPG,470,680,501,712,neo
data/imgsif2802.JPG,437,523,464,557,neo
data/imgsif3301.JPG,483,441,619,499,occhiaia
data/imgsif3301.JPG,681,430,831,500,occhiaia
data/imgsif3301.JPG,718,688,741,706,neo
data/imgsif3301.JPG,684,267,718,297,neo
data/imgsif3103.JPG,,,,,
data/imgsif3107.JPG,,,,,
data/imgsif3305.JPG,598,426,748,494,occhiaia
data/imgsif3305.JPG,822,419,930,488,occhiaia
data/imgsif2806.JPG,,,,,
data/imgsif2807.JPG,584,472,610,497,neo
data/imgsif2807.JPG,484,400,691,478,occhiaia
data/imgsif3304.JPG,,,,,
data/imgsif3106.JPG,,,,,
data/imgsif3104.JPG,,,,,
data/imgsif3110.JPG,600,431,784,485,occhiaia
data/imgsif3110.JPG,378,448,498,494,occhiaia
data/imgsif3110.JPG,531,467,556,499,neo
data/imgsif3110.JPG,561,526,596,560,neo
data/imgsif3110.JPG,611,763,633,787,neo
data/imgsif2805.JPG,494,696,529,732,neo
data/imgsif2805.JPG,287,388,445,459,occhiaia
data/imgsif2804.JPG,,,,,
data/imgsif2810.JPG,787,701,809,746,neo
data/imgsif2810.JPG,749,748,774,774,neo
data/imgsif2810.JPG,568,278,596,294,neo
data/imgsif2810.JPG,553,404,746,479,occhiaia
data/imgsif3105.JPG,,,,,
